1,25062--Server_VM_ReturnReceipt,VM-RecordMsg-Ph1ToPh2-Verify-RepyTo-Received-Receipt_25062
2,81127--Server_CASProtocol_Telephony,Tel-MakeCall-InterSite_81127
3,25296--Server_Misc_DRS,DRS-SitetoHQCall-DRSContact_25296
4,22007--Server_ACC_Basic-PRI-Trunk,ACC-Forced-Numbers-Only-Local-And-Long-Distance-Bypass-Blocked_22007
5,25019--Server_VM_Anyphone,VM-AnyPhone-IPPhoneExtension-RemoteToRemote_25019
6,5990--Server_VM_FollowMe,Test-basic-FollowMe-with-different-types-of-parties_5990
7,16644--Server_WG_Transfer,Enable-Agent-Auto-Logout-on-Ring-No-Answer-SIP-Agent_16644
8,26787--Server_AA_Basic,FeaturesAAGeneric-BasicInternal-AAMenu-ToHQUser_26787
9,24961--Server_WG_Generic,WG-Simultaneous-PickWkgrp-Ph212_24961
10,15293--Server_CASProtocol_Config,Config-ForwardBusyToWorkgroup_15293
11,41753--Server_VM_AutoForward-VMB-Interop,Auto-Forward-To-Mailbox-In-A-Distributed-VM_41753
12,34707--Server_Distributed_WG,DistributeWG-RemoteWG-RemoteWGServiceDown-BackupExtnAsExtn_34707
13,36685--Server_Distributed_GroupPaging-Inter,GroupPagingServer-RM-HQAndRemoteExtListMembers-Caller-Remote_36685_Remote
14,25299--Server_Misc_DRS,DRS-IntraSiteCall-CFA-DRSContact_25299
15,26792--Server_AA_Basic,FeaturesAAGeneric-BasicInternal-AAMenu-ToHQUser-AlwaysFwdToVM_26792
16,8129--Server_AA_DialableMenus,Menu-AsActionItem-FromAMenu_8129
17,24973--Server_WG_Generic,WG-RoundRobin-PickUser-Ph212_24973
18,24931--Server_ACC_Basic-Forced-SIP-Trunk,AccBasic-Forced-5x-invalid-codeAndtimeout-is-dropped_24931
19,25076--Server_VM_TUI,VM-Tui-Record-Review-Record-Delete-Name-GreetingMsg_25076
20,26802--Server_VM_AutoForward,Check-VM-forwarded-messages-present-only-on-C-when-VM-autoforward-from-A-to-B-to-C-mailbox_26802
21,6132--Server_Distributed_GroupPaging,GroupPagingServer-RM-Dial-By-FirstName_6132
22,81219--Server_CASProtocol_Telephony,Tel-TransferCall-To-Connected_81219
23,24980--Server_WG_Generic,WG-LongestIdle-PickWkgrp-Ph212_24980
24,6620--Server_WG_Basic,WG-Director-VM-To-WG-With-No-Mailbox-Server_6620
25,8808--Server_VM_Basic,Forward-forwarded-message-with-return-receipt-request-through-Voice-mail-Viewer-TUI-and-Outlook_8808
26,34706--Server_Distributed_WG,DistributeWG-HQWG-BackupExtnAsExtn_34706
27,6065--Server_VM_TUIAgentLogin,Login-to-logged-out-agent-remotely-assign-and-login-from-remote-phone_6065
28,29152--Server_AA_DepartmentalAA,Leaving-Blank-Extension-In-AutoAttendant-Digit1_29152
29,37524--Server_Distributed_ACC,Distributed-ACC-Two-Calls-with-Diff-ACC-Codes_37524
30,29953--Server_VM_AutoFindMe,Called-Party-no-recorded-name-caller-internal-without-recorded-name-nd-does-not-record-name_29953
31,25045--Server_VM_Basic,VM-HQPhoneWithNoAnswerDestFwdTo-RemotPhoneWithNoAnswerDestVM_25045
32,34137--Server_Distributed_ACC,Distributed-ACC-Forced-Long-Distance-Remote-NoRemoteACCExtn_34137
33,24972--Server_WG_Generic,WG-RoundRobin-PickWkgrp-Ph210_24972
34,34129--Server_Distributed_ACC,Distributed-ACC-Forced-Long-Distance-HQ-StopAndStart-HQPortMgrService_34129
35,29944--Server_VM_AutoFindMe,Called-Party-Has-Recorded-Name-Caller-Is-External-With-CallerID-Does-Not-Record-Name_29944
36,48885--Server_WG_Schedule,Verify-on-hours-scheduling-when-WG-is-on-HQ-server-and-WG-does-not-have-Mailbox_48885
37,81228--Server_CASProtocol_Telephony,Tel-SilentMonitor-SilentCoached-Call_81228
38,47922--Server_WG_Queue,WG-Call-putbackin-Queue-by-agent-call-offered-to-different-agent_47922
39,25073--Server_VM_TUI,VM-Tui-Record-Accept-SendToSelf-Cancel-AdditionOpt-Cancel_25073
40,34702--Server_Distributed_WG,DistributeWG-RemoteWG-RemoteWGServiceDown-BackupExtnAsWG_34702
41,83463--Server_CASProtocol_Config,Config-SetCHM-InAMeeting_83463
42,40376--Server_Distributed_ACC,Distributed-ACC-Place-ACC-Call-from-User-Without-DID_40376
43,25001--Server_WG_Generic,WG-LongestIdleWG-AgentInWG-Calls-WG_25001
44,46487--Server_WG_Transfer,Work-Group-Agent-Answer-then-Blind-Transfer_46487
45,38085--Server_Distributed_GroupPaging,GroupPagingServer-RM-RMExtListMembers-CallerID_38085
46,5897--Server_VM_Anyphone,Leaving-a-voice-mail-after-anyphone_5897
47,34145--Server_Distributed_ACC,Distributed-ACC-Forced-Long-Distance-Remote-StopAndStart-RemoteVMService_34145
48,81202--Server_CASProtocol_Telephony,Tel-Conference-Blind_81202
49,191--Server_VM_AutoFindMe,EnableAutoFindMe-To-An-Internal-Extension-OutofOffice_191
50,24938--Server_ACC_Basic-Forced-SIP-Trunk,AccBasic-Forced-4x-#-then-invalid-codeAndtimeout-is-dropped_24938
51,24962--Server_WG_Generic,WG-Simultaneous-PickUser-Ph530_24962
52,25028--Server_VM_AutoForward,VM-AutoFwd-VoiceMail-Check-TwoReceipts-FromSender_25028
53,8751--Server_VM_FindMe,Test-the-prompts-for-findme-backup_8751
54,25047--Server_VM_Basic,VM-Phone-LeaveVM-ToItself_25047
55,22012--Server_ACC_Basic-PRI-Trunk,ACC-Forced-Numbers-Only-Local-And-Long-Distance-Service-Down_22012
56,25032--Server_VM_CallSender,VM-LeaveVM-ThenReplyVM_25032
57,38891--Server_WG_Basic,Retrieve-WGvmail-Recording-From-Telephone_38891
58,40550--Server_VM_Privacy,VoiceMailPrivacy-Mark-Unmark-Private-TUI_40550
59,25029--Server_VM_AutoForward,VM-AutoFwd-VoiceMail-ToSenderSelf_25029
60,34337--Server_Distributed_WG,DistributeWG-HQHG-HGasAgent_34337
61,15296--Server_CASProtocol_Config,Config-ForwardAlwaysToHuntgroupAgent_15296
62,34779--Server_WG_CallerID,WG-Verify-CallerID-External-Calls-Workgroup_34779
63,24991--Server_WG_Generic,WG-ThreeCalls-RoundRobinWGFwdExtOnBusy-AllTwoAgtBusy-ThirdCallToCFB_24991
64,25035--Server_VM_Anyphone,VM-AnyPhone-IPPhoneExtension-HQToRemote_25035
65,38119--Server_Distributed_GroupPaging,Group-Paging-incoming-call_38119
66,22098--Server_CASProtocol_OAE,Tel-OAE-Outbound-toExtension-ConnectonAnswer-Using-CAS_22098
67,46488--Server_WG_Transfer,Work-Group-Agent-Answer-then-Blind-Conference_46488
68,38926--Server_Distributed_ACC,Distributed-ACC-Forced-Long-Distance-Remote_38926
69,38120--Server_Distributed_GroupPaging,GroupPagingServer-RM-RMExtListMembers-Simul-GroupPagingCalls_38120
70,34132--Server_Distributed_ACC,Distributed-ACC-Forced-Long-Distance-HQ-StopAndStart-HQTMSService_34132
71,29153--Server_AA_DepartmentalAA,Leaving-Blank-Extension-In-AutoAttendant-Digit2_29153
72,37626--Server_Distributed_GroupPaging,GroupPagingServer-HQ-CFWD-Busy_37626
73,24947--Server_ACC_Basic-Optional-SIP-Trunk,AccBasic-Optional-5x-invalid-codeAnd#-is-dropped_24947
74,81141--Server_CASProtocol_Telephony,Tel-SilentMonitor_81141
75,39883--Server_Distributed_WG,DistributeWG-RemoteWG-RemoteAgents-Simultaneous_39883
76,22008--Server_ACC_Basic-PRI-Trunk,ACC-Forced-Numbers-and-Alpha-Characters-Local-And-Long-Distance-Correct-Code_22008
77,6026--Server_VM_TUI,Option-2-in-Main-Menu-of-Voice-Mail-SEND-A-MESSAGE_6026
78,25016--Server_WG_SIP,WG-CallWG-AllAgentsBusy-FwdExt_25016
79,8137--Server_AA_Timeout,Configure-Menu-Timeout_8137
80,34135--Server_Distributed_ACC,Distributed-ACC-Forced-Long-Distance-Remote-Stop-HQVMService_34135
81,24995--Server_WG_Generic,WG-ThreeCalls-LongestIdleWG-TwoAgtLoggedInOneOut-ThirdCallToCFB_24995
82,6937--Server_Distributed_GroupPaging,GroupPagingServer-RM-RMExtListMembers-Caller-Member_6937
83,25068--Server_VM_SIPTests,VM-Remote-User-Send-Check-Msg_25068
84,24948--Server_ACC_Basic-Optional-SIP-Trunk,AccBasic-Optional-2x-invalid-codeAnd#-then-correct-codeAnd#-completes-call_24948
85,81199--Server_CASProtocol_Telephony,Tel-Transfer-Blind_81199
86,25037--Server_VM_AutoForward,VM-AutoFwd-Remote-ToHQ_25037
87,22004--Server_ACC_Basic-PRI-Trunk,ACC-Optional-Numbers-and-Alpha-Characters-Local-And-Long-Distance-Correct-Code_22004
88,34469--Server_Distributed_GroupPaging,GroupPagingServer-EditDN_34469
89,40542--Server_VM_Privacy,VoiceMailPrivacy-Mark-Private-TUI_40542
90,24987--Server_WG_Generic,WG-ThreeCalls-TopDownWG-TwoAgtLoggedInOneOut-ThirdCallToCFB_24987
91,5908--Server_VM_AutoForward,Check-VM-Prompts-and-Message-subject-on-auto-forwarded-messages_5908
92,6028--Server_VM_TUI,Option-2-to-Send-a-message-Sub-Menu-Features-ADDITIONAL-ADDRESSING-OPTIONS_6028
93,21978--Server_VM_FindMe,FindMe-To-An-Internal-Extension_21978
94,40408--Server_Distributed_GroupPaging,GroupPagingServer-HQ-PagingCall-As-SecondCall_40408
95,24963--Server_WG_Generic,WG-Simultaneous-PickWkgrp-Ph530_24963
96,34535--Server_Distributed_GroupPaging,Modify-GroupPagingServer-RMExtListMembers-Caller-RM_34535
97,37480--Server_Distributed_GroupPaging,GroupPagingServer-HQ-Paging-Through-AA_37480
98,40475--Server_VM_Privacy,VoiceMailPrivacy-Reply-Private-TUI_40475
99,81223--Server_CASProtocol_Telephony,Tel-BargeIn-SilentMonitoredCall_81223
100,97803--Server_VM_AutoFindMe,EnableAutoFindMe-To-An-Internal-Extension-InAMeeting_97803
101,5900--Server_AA_Timeout,Verify-AA-GotoExtension-Works_5900
102,25015--Server_WG_SIP,WG-CallWG-AllLoggedinAgtBusy-FwdExt_25015
103,22009--Server_ACC_Basic-PRI-Trunk,ACC-Forced-Numbers-Only-Local-And-Long-Distance-Incorrect-Code-Blocked_22009
104,25071--Server_VM_TUI,VM-Tui-Check-OwnOrAnother-VMBox_25071
105,38441--Server_AA_SIP-Trunk,DTMF-Inbound-Call-To-AA-Dial-HG_38441
106,29954--Server_VM_AutoFindMe,Called-Party-no-recorded-name-caller-internal-without-recorded-name-nd-records-name_29954
107,192--Server_VM_AutoFindMe,EnableAutoFindMe-To-An-Internal-Extension-ExtendedAbsence_192
108,25077--Server_VM_TUI,VM-Tui-Config-CHM-All-Modes_25077
109,34516--Server_Distributed_GroupPaging,GroupPagingServer-RM-RestartRMWGService-Caller-RM_34516
110,21979--Server_VM_FindMe,FindMe-To-An-External-PRI-Trunk_21979
111,6054--Server_VM_TUIAgentLogin,Agent-state-changed-in-Director-Client-is-updated-in-TUI_6054
112,24970--Server_WG_Generic,WG-Round-Robin-Distribution-Pattern_24970
113,24990--Server_WG_Generic,WG-Call-RoundRobinWG-AllAgentsBusyOnNonWGCalls_24990
114,25036--Server_VM_AutoForward,VM-AutoFwd-HQ-ToRemote_25036
115,21711--Server_AA_SIP-Trunk,SIP-Registration_21711
116,81153--Server_CASProtocol_Telephony,Tel-PickupCall_81153
117,8788--Server_VM_Basic,Transfer-and-voice-mail_8788
118,25298--Server_Misc_DRS,DRS-IntraSiteCall-CFNA-DRSContact_25298
119,25009--Server_WG_SIP,WG-Topdown-Hunt_25009
120,73261--Server_AA_PRI-Trunk,AA-PSTN-Call-To-AA-To-HQ-User-FindMe_73261
121,24997--Server_WG_Generic,WG-Call-SimultaneousWG-AllAgentsBusy-ToCFB_24997
122,81130--Server_CASProtocol_Telephony,Tel-BargeIn_81130
123,34705--Server_Distributed_WG,DistributeWG-HQWG-BackupExtnAsAA_34705
124,24994--Server_WG_Generic,WG-Call-LongestIdleWG-AllAgentsBusy-FwdAA_24994
125,197--Server_VM_AutoFindMe,DisableAutoFindMe-To-An-Internal-Extension-CustomMode_197
126,25034--Server_VM_Anyphone,VM-AnyPhone-IPPhoneExtension-RemoteToHQ_25034
127,21983--Server_VM_Anyphone,Anyphone-SoftSwitch-To-IPPhone-Across-Sites_21983
128,41760--Server_VM_AutoForward-VMB-Interop,Auto-Forward-And-Return-Receipt_41760
129,3350--Server_ACC_Basic-PRI-Trunk,ACC-Three-Simultaneous-ACC-Calls_3350
130,6056--Server_VM_TUIAgentLogin,Agent-client-type-changed-in-Director-is-updated-in-TUI_6056
131,25018--Server_VM_Anyphone,VM-AnyPhone-IPPhoneExtension-HQToHQ_25018
132,29959--Server_VM_AutoFindMe,Called-Party-recorded-name-caller-internal-with-callerid-unkown-nd-records-name_29959
133,25064--Server_VM_SIPTests,VM-Record-Silence-Nothing-Recorded_25064
134,36685--Server_Distributed_GroupPaging,GroupPagingServer-HQ-HQAndRemoteExtListMembers-Caller-HQ_36685
135,24934--Server_ACC_Basic-Forced-SIP-Trunk,AccBasic-Forced-Invalid-codeAndstar-replays-prompt_24934
136,24924--Server_ACC_Basic-Forced-SIP-Trunk,AccBasic-Forced-during-prompt-replays_24924
137,8136--Server_AA_SIP-Trunk,AA-Default-Dest-To-Trunk-Group_8136
138,21952--Server_VM_Basic,Basic-Change-CHM-Via-TUI-Using-pound-pwd-seven-two_21952
139,24965--Server_WG_Generic,WG-TopDown-PickWkgrp-Ph210_24965
140,25075--Server_VM_TUI,VM-Tui-Record-Accept-Review-Rerecord-Delete-Cancel-PersonalGreeting_25075
141,81204--Server_CASProtocol_Telephony,Tel-TransferCall-To-Existing_81204
142,33012--Server_VM_SIP-Trunk,DTMF-Inbound-Call-To-VM_33012
143,38918--Server_Distributed_WG,WG-TG2-Call-HG2-Ring-WG2-Agent-If-WG1Server-Down_38918
144,6131--Server_Distributed_GroupPaging,GroupPagingServer-RM-RMExtListMembers-MutliplePagingCalls_6131
145,36682--Server_Distributed_GroupPaging-Inter,GroupPagingServer-RM-RMExtListMembers-Caller-RM_36682_Remote
146,24940--Server_ACC_Basic-Forced-SIP-Trunk,AccBasic-Forced-4x-#-then-timeout-is-dropped_24940
147,8109--Server_AA_DepartmentalAA,Configuring-MultipleDigit-To-TakeAMessage_8109
148,8105--Server_AA_DepartmentalAA,Assigning-ExtList-to-TakeMsgByFirstName_8105
149,25066--Server_VM_SIPTests,VM-Login-Record-Stop-Review-Msg_25066
150,37479--Server_Distributed_GroupPaging,GroupPagingServer-HQ-MGCPAndSIPExtListMembers-Caller-HQ_37479
151,25039--Server_VM_Basic,VM-CallFwd-HQPh1Call-RemotePh2-FwdHQPh3VM_25039
152,50923--Server_ACC_Basic-PRI-Trunk,ACC-ACCService-UserGroup-Has-LocalOnly-Forced-ACC-Calls-Should-Only-Allow-LocalCalls_50923
153,9831--Server_ACC_Basic-Forced-SIP-Trunk,AccBasic-Forced-SIPExtn-Calls-Trunk_9831
154,81222--Server_CASProtocol_Telephony,Tel-ParkCall_81222
155,42392--Server_VM_Privacy,VoiceMailPrivacy-Private-Urgent-Distribution-List-TUI_42392
156,24982--Server_WG_Generic,WG-LongestIdle-PickWkgrp-Ph530_24982
157,25300--Server_Misc_DRS,DRS-IntraSiteCall-CFA-OutOfOffice-DRSContact_25300
158,6024--Server_VM_TUI,Option-1-in-Main-Menu-of-Voice-Mail-LISTEN-TO-NEW-MESSAGES_6024
159,36683--Server_Distributed_GroupPaging,GroupPagingServer-HQ-Add-ExtListMember-Caller-HQ_36683
160,24968--Server_WG_Generic,WG-TopDown-PickUser-Ph530_24968
161,24943--Server_ACC_Basic-Optional-SIP-Trunk,AccBasic-Optional-Correct-codeAnd#-completes-call_24943
162,81307--Server_CASProtocol_Telephony,Tel-SilentCoach-SilentMonitored-Call_81307
163,41755--Server_VM_AutoForward-VMB-Interop,Urgent-Auto-Forwarded-Messages_41755
164,81161--Server_CASProtocol_Telephony,Tel-PickupNightBellCall_81161
165,25049--Server_VM_Basic,VM-Check-Set-VoiceMailCond-ToNone_25049
166,24983--Server_WG_Generic,WG-Call-TopDownTwoAgentsOnlyWG-OneAgentBusyOnNonWGCall_24983
167,6069--Server_VM_TUIAgentLogin,Login-to-logged-in-agent-remotely-assign-and-login-from-remote-phone_6069
168,25297--Server_Misc_DRS,DRS-IntraSiteCall-Site2-DRSContact_25297
169,25083--Server_VM_TUI,VM-Tui-Enable-Disable-Outlook-Automated-CHM_25083
170,24959--Server_WG_Generic,WG-Simultaneous-PickWkgrp-Ph210_24959
171,25046--Server_VM_Basic,VM-HQPhoneWithNoAnswerDestFwdTo-RemotPhone_25046
172,39884--Server_Distributed_WG,DistributeWG-RemoteWG-RemoteAgents-RoundRobin_39884
173,8131--Server_AA_Basic,AA-DTMF-Star-Should-Take-Back-To-The-Main-Menu_8131
174,81200--Server_CASProtocol_Telephony,Tel-Transfer-Consult_81200
175,8099--Server_AA_DepartmentalAA,Creating-Extension-List_8099
176,81226--Server_CASProtocol_Telephony,Tel-UnMute-Phone_81226
177,25074--Server_VM_TUI,VM-Tui-Send-RecordedMsg-ToSelf-MarkUgent-Cancel-Recoding_25074
178,8179--Server_AA_Schedule,AA-Off-Hours-Schedule-Destination_8179
179,26804--Server_VM_AutoForward,Check-VM-forwarded-messages-present-on-all-when-VM-autoforward-from-A-to-B-to-C-mailbox_26804
180,8752--Server_VM_FindMe,Test-the-timeout-for-findme-call_8752
181,6623--Server_WG_Basic,WG-Director-Enable-Include-In-System-DialbyName-VM-To-WG-Via-DialByName_6623
182,34725--Server_Distributed_WG,DistributeWG-RemoteWG-RemoteAgents-TopDown_34725
183,81125--Server_CASProtocol_Telephony,Tel-MakeCall_81125
184,41759--Server_VM_AutoForward-VMB-Interop,Forwarding-Of-Auto-Forward-Messages_41759
185,77475--Server_AA_PRI-Trunk,AA-PSTN-Call-To-AA-To-Hunt-Group-Extension_77475
186,24964--Server_WG_Generic,WG-TopDown-PickUser-Ph210_24964
187,38442--Server_AA_SIP-Trunk,DTMF-Inbound-Call-To-AA-Dial-HQ-WG_38442
188,8177--Server_AA_Schedule,DialAA-Transfer-To-Workgroup_8177
189,49107--Server_AA_SIP-Trunk,WG-Inbound-SIP-Trunk-Call-To-Remote-WG-Via-AA_49107
190,40378--Server_Distributed_WG,DistributeWG-RemoteWG-Agent-ManualWrapUp_40378
191,25295--Server_Misc_DRS,DRS-InterSiteCall-DRSContact_25295
192,25025--Server_VM_AutoForward,VM-AutoFwd-VoiceMail-Urgent-Message_25025
193,187--Server_VM_AutoFindMe,DisableAutoFindMe-To-An-Internal-Extension-StandardMode_187
194,77344--Server_AA_PRI-Trunk,AA-PSTN-Call-To-AA-To-Off-System-Extension_77344
195,22089--Server_CASProtocol_OAE,Tel-OAE-Outbound-toPSTN-WaitForDTMF-Using-CAS_22089
196,184--Server_VM_AutoFindMe,EnableAutoFindMe-To-An-Internal-Extension-StandardMode_184
197,34778--Server_WG_CallerID,WG-Verify-CallerID-Internal-Calls-Workgroup-AfterCall_34778
198,--Server_Distributed_GroupPaging-Inter,SIP-Registration-RemoteSite
199,36684--Server_Distributed_GroupPaging,GroupPagingServer-HQ-DeleteExtListMember-Caller-HQ_36684
200,34708--Server_Distributed_WG,DistributeWG-HQWG-BackupExtnAsWG_34708
201,24952--Server_ACC_Basic-Optional-SIP-Trunk,AccBasic-Optional-4x-invalid-codeAndtimeout-then-correct-codeAndtimeout-completes-call_24952
202,34704--Server_Distributed_WG,DistributeWG-HQWG-BackupExtnAsHG_34704
203,21946--Server_VM_Basic,Record-Name-Prompt-TUI_21946
204,8294--Server_WG_Basic,WG-Director-Creating-new-WG_8294
205,8295--Server_WG_Basic,WG-Director_Adding-Agents-To-Workgroup_8295
206,81160--Server_CASProtocol_Telephony,Tel-PickupOrUnparkCall_81160
207,8135--Server_AA_DialableMenus,Menu-AsDefaultAA-ForDVM_8135
208,22011--Server_ACC_Basic-PRI-Trunk,ACC-Optional-Numbers-Only-Local-And-Long-Distance-Service-Down_22011
209,81159--Server_CASProtocol_Telephony,Tel-Park-Unpark_81159
210,25038--Server_VM_Basic,VM-CallFwd-HQ-ToRemote_25038
211,24927--Server_ACC_Basic-Forced-SIP-Trunk,AccBasic-Forced-Correct-codeAndtimeout-completes-call_24927
212,24998--Server_WG_Generic,WG-Call-SimultaneousWG-AllAgentsBusy-ToQueue_24998
213,40377--Server_Distributed_WG,DistributeWG-RemoteWG-Agent-WrapUpMode_40377
214,8285--Server_WG_Schedule,WG-OFF-Hours-Call-Goes-to-VM_8285
215,29151--Server_AA_DepartmentalAA,Leaving-Blank-Extension-In-AutoAttendant-Digit0_29151
216,34141--Server_Distributed_ACC,Distributed-ACC-Simultaneous-ACC-And-VM-Calls_34141
217,34130--Server_Distributed_ACC,Distributed-ACC-Forced-Long-Distance-Remote-StopAndStart-RemotePortMgrService_34130
218,49106--Server_AA_PRI-Trunk,WG-Inbound-PRI-Trunk-Call-to-Remote-WG-via-AA_49106
219,24935--Server_ACC_Basic-Forced-SIP-Trunk,AccBasic-Forced-5x-#-drops-the-call_24935
220,8108--Server_AA_DepartmentalAA,Configuring-MultipleDigit-To-GoToExtension_8108
221,24944--Server_ACC_Basic-Optional-SIP-Trunk,AccBasic-Optional-Correct_codeAndtimeout_completes-call_24944
222,193--Server_VM_AutoFindMe,EnableAutoFindMe-To-An-Internal-Extension-CustomMode_193
223,34339--Server_Distributed_WG,DistributeWG-HQHG-AAasAgent_34339
224,40390--Server_VM_Privacy,VoiceMailPrivacy-Forward-Private-Invalid-Operation-TUI_40390
225,25303--Server_Misc_DRS,DRS-InterSiteCall-CFNA-DRSContact_25303
226,21964--Server_VM_CallSender,VM-LeaveVM-internalcallbackreply_21964
227,6025--Server_VM_TUI,Option-3-in-Main-Menu-of-Voice-Mail-LISTEN-TO-SAVED-MESSAGE_6025
228,6154--Server_WG_Queue,WG-Queue-Calls-transferedto-WG-Agent-onLogin_6154
229,16418--Server_CASProtocol_Config,Config-ForwardAlwaysToDifferentSite_16418
230,25063--Server_VM_ReturnReceipt,VM-RecordMsg-Ph1ToPh2-Verify-RepyTo-Received-Receipt-FwdTo-Ph3_25063
231,34136--Server_Distributed_ACC,Distributed-ACC-Call-from-User-on-HQ-VMB-with-LACC_34136
232,41750--Server_VM_AutoForward-VMB-Interop,Auto-Forward-With-Auto-Delete_41750
233,34776--Server_AA_Basic,AA-DialAAExtension-WaitUntilTimeout-TransferToExtension_34776
234,53795--Server_VM_Basic,Two-users-accessVM-simulatenously_53795
235,81197--Server_CASProtocol_Telephony,Tel-Send-Call-ToVM_81197
236,41751--Server_VM_AutoForward-VMB-Interop,Auto-Forward-To-A-Route-Point_41751
237,24942--Server_ACC_Basic-Optional-SIP-Trunk,AccBasic-Optional-Timeout-completes-call_24942
238,25078--Server_VM_TUI,VM-Tui-Assign-Reassign-Extension_25078
239,24999--Server_WG_Generic,WG-Call-SimultaneousWG-FwdExternalExtOnBusy-AllAgentsBusy-ToExt_24999
240,8104--Server_AA_DepartmentalAA,Assigning-ExtList-to-DialByLastName_8104
241,81225--Server_CASProtocol_Telephony,Tel-Mute-Phone_81225
242,81195--Server_CASProtocol_Telephony,Tel-CallHold-UnHold_81195
243,24933--Server_ACC_Basic-Forced-SIP-Trunk,AccBasic-Forced-2x-invalid-codeAndtimeout-then-correct-codeAndtimeout-completes-call_24933
244,55347--Server_ACC_Basic-PRI-Trunk,ACC-ACCService-UG-Has-No-Restrictions-Forced-ACC-Calls-Dialing--With-CallerID-Blocked_55347
245,43908--Server_VM_Privacy,VoiceMailPrivacy-Anyphone-User-Receive-Reply-Private-TUI_43908
246,6009--Server_VM_ReturnReceipt,Return-Receipt-feature-not-available-when-user-sends-a-msg-where-list-contains-broadcast-address_6009
247,8100--Server_AA_DepartmentalAA,Creating-Two-Extension-Lists-Including-SameMember_8100
248,6055--Server_VM_TUIAgentLogin,Agent-state-changed-in-TUI-is-updated-in-Director-Client_6055
249,67572--Server_AA_PRI-Trunk,WG-Test-2-Inbound-PSTN-Calls-to-Same-WG_67572
250,81308--Server_CASProtocol_Telephony,Tel-SilentCoach-Consult-Supervisor_81308
251,34133--Server_Distributed_ACC,Distributed-ACC-Forced-Long-Distance-Remote-StopAndStart-RemoteTMSService_34133
252,196--Server_VM_AutoFindMe,DisableAutoFindMe-To-An-Internal-Extension-ExtendedAbsence_196
253,3336--Server_ACC_Basic-PRI-Trunk,ACC-Enhanced-ACC-Service-Wildcard_3336
254,24939--Server_ACC_Basic-Forced-SIP-Trunk,AccBasic-Forced-4x-#-then-invalid-codeAnd#-is-dropped_24939
255,34539--Server_Distributed_GroupPaging,GroupPagingServer-RM-StopHQWGService-Caller-RM_34539
256,24958--Server_WG_Generic,WG-Simultaneous-PickUser-Ph210_24958
257,24985--Server_WG_Generic,WG-Call-TopDownWG-AllAgentsBusy-FwdVM_24985
258,25030--Server_VM_AutoForward,VM-AutoFwd-VoiceMail-Ph1ToPh3-Ph3ToPh2-Ph1VMPh2_25030
259,8102--Server_AA_Basic,Creating-AutoAttendant-Menu_8102
260,81196--Server_CASProtocol_Telephony,Tel-DropCall_81196
261,26788--Server_AA_PRI-Trunk,AA-PSTN-Call-To-AA-To-HQ-User_26788
262,48178--Server_VM_SIP-Trunk,DTMF-Inbound-Call-To-VM-With-Mailbox-On-VMB_48178
263,24981--Server_WG_Generic,WG-LongestIdle-PickUser-Ph530_24981
264,24984--Server_WG_Generic,WG-Call-TopDownThreeAgentsOnlyWG-OneBusyOnNonWGCallTwoOnWGCall-Completed_24984
265,24979--Server_WG_Generic,WG-LongestIdle-PickUser-Ph212_24979
266,29154--Server_AA_DepartmentalAA,Leaving-Blank-Extension-In-AutoAttendant-Digit3_29154
267,42391--Server_VM_Privacy,VoiceMailPrivacy-Private-Distribution-List-TUI_42391
268,8750--Server_VM_FindMe,Test-the-final-destination-to-be-users-Voicemail_8750
269,24993--Server_WG_Generic,WG-ThreeCalls-LongestIdleWGFwdVMOnbusy-TwoAgtLoggedInOneOut-ThirdCallToVM_24993
270,194--Server_VM_AutoFindMe,DisableAutoFindMe-To-An-Internal-Extension-InAMeeting_194
271,34934--Server_Distributed_GroupPaging,GroupPagingServer-RM-RMExtListMembers-ModifyDN-Member_34934
272,38917--Server_Distributed_WG,WG-TG2-Call-AA-ThenTo-HG2-Ring-WG1-Agent_38917
273,27425--Server_VM_Anyphone,OAESetup-Assign-To-Last-External-Number-TUI_27425
274,26806--Server_VM_AutoForward,VM-autoforward-from-A-to-B-and-B-to-C-mailbox-reply-back-from-C_26806
275,34338--Server_Distributed_WG,DistributeWG-HQHG-WGasAgent_34338
276,73496--Server_VM_Anyphone,RM-user-with-MB-on-Remote-Assign-phone-thru-TUI-using-7-3-1_73496
277,38565--Server_VM_FindMe,FindMe-To-An-External-SIP-Trunk_38565
278,39881--Server_Distributed_WG,DistributeWG-RemoteWG-RemoteAgents-InboundPRI-TopDown_39881
279,24976--Server_WG_Generic,WG-RoundRobin-PickWkgrp-Ph530_24976
280,46489--Server_WG_Transfer,Work-Group-Agent-Answer-then-Consult-Conference_46489
281,29946--Server_VM_AutoFindMe,Called-Party-recorded-name-caller-internal-without-recorded-name-nd-records-name_29946
282,25058--Server_VM_ReturnReceipt,VM-RecordMsg-AlwaysFwdVM-NoReqReceipt_25058
283,25020--Server_VM_Anyphone,VM-AnyPhone-ToAnonymoursIPPhone_25020
284,24955--Server_WG_Generic,WG-CallWG-NoAnswer-FwdSysExt_24955
285,24941--Server_ACC_Basic-Optional-SIP-Trunk,AccBasic-Optional-#-during-prompt-completes-call_24941
286,25042--Server_VM_Basic,VM-Check-Remote-Login-VM_25042
287,81227--Server_CASProtocol_Telephony,Tel-SilentCoach_81227
288,22099--Server_CASProtocol_OAE,Tel-OAE-Outbound-toExtension-WaitForDTMF-Using-CAS_22099
289,24930--Server_ACC_Basic-Forced-SIP-Trunk,AccBasic-Forced-5x-Invalid-codeAnd#-is-dropped_24930
290,81128--Server_CASProtocol_Telephony,Tel-MakeCall-ToVM_81128
291,36684--Server_Distributed_GroupPaging-Inter,GroupPagingServer-RM-DeleteExtListMember-Caller-RM_36684_Remote
292,24960--Server_WG_Generic,WG-Simultaneous-PickUser-Ph212_24960
293,25031--Server_VM_AutoForward,VM-AutoFwd-VoiceMail-SenderWithAutoDelete-ReceiverWithFullMailbox_25031
294,38924--Server_Distributed_ACC,Distributed-ACC-Place-ACC-Call-from-SIP-Extension-User_38924
295,25051--Server_VM_Basic,VM-Check-Set-VoiceMailCond-ToUrgent_25051
296,6029--Server_VM_TUI,Option-7-in-Main-Menu-of-Voice-Mail-MAIL-BOX-OPTIONS_6029
297,81221--Server_CASProtocol_Telephony,Tel-Join-Call-With-ConnectedCall_81221
298,81309--Server_CASProtocol_Telephony,Tel-SilentCoach-Consult-Supervisor-Resume_81309
299,24975--Server_WG_Generic,WG-RoundRobin-PickUser-Ph530_24975
300,35037--Server_Distributed_WG,DistributeWG-RemoteWG-HQAgents-HQWGServiceDown-LongestIdle_35037
301,24951--Server_ACC_Basic-Optional-SIP-Trunk,AccBasic-Optional-5x-invalid-codeAndtimeout-is-dropped_24951
302,8107--Server_AA_DepartmentalAA,Verifying-Department-AA-Feature-By-Calling-Menu_8107
303,42779--Server_VM_AutoForward-VMB-Interop,Auto-Forward-To-A-Workgroup_42779
304,136--Server_VM_TUI,VM-Verify-Password-Options-Changing-password_136
305,24937--Server_ACC_Basic-Forced-SIP-Trunk,AccBasic-Forced-4x-#-then-correct-codeAndtimeout-completes-call_24937
306,37479--Server_Distributed_GroupPaging-Inter,GroupPagingServer-RM-MGCPAndSIPExtListMembers-Caller-RM_37479_Remote
307,34116--Server_Distributed_ACC,Distributed-ACC-Forced-Long-Distance-HQ-StopAndStart-HQVMService_34116
308,5886--Server_VM_Anyphone,Anyphone-to-Unassigned-IP-phone_5886
309,24936--Server_ACC_Basic-Forced-SIP-Trunk,AccBasic-Forced-4x-#-then-correct-codeAnd#-completes-call_24936
310,26790--Server_AA_PRI-Trunk,AA-PSTN-Call-To-AA-To-Remote-User_26790
311,26791--Server_AA_Basic,FeaturesAAGeneric-BasicInternal-AAMenu-ToHQUser-TransferToVM_26791
312,3349--Server_ACC_Basic-PRI-Trunk,ACC-Change-ACC-Number-And-Verify-It-Works_3349
313,33015--Server_AA_SIP-Trunk,DTMF-Inbound-Call-To-AA-MGCP_33015
314,33016--Server_AA_SIP-Trunk,DTMF-Inbound-Call-To-AA-SIP_33016
315,22010--Server_ACC_Basic-PRI-Trunk,ACC-Optional-Numbers-Only-Local-And-Long-Distance-Incorrect-Code-Bypass_22010
316,195--Server_VM_AutoFindMe,DisableAutoFindMe-To-An-Internal-Extension-OutofOffice_195
317,24969--Server_WG_Generic,WG-TopDown-PickWkgrp-Ph530_24969
318,22005--Server_ACC_Basic-PRI-Trunk,ACC-Optional-Numbers-Only-Local-And-Long-Distance-Bypass_22005
319,40396--Server_VM_Privacy,VoiceMailPrivacy-Reply-Private-Additional-Addresses-Invalid-Operation-TUI_40396
320,24971--Server_WG_Generic,WG-RoundRobin-PickUser-Ph210_24971
321,40549--Server_VM_Privacy,VoiceMailPrivacy-Forward-Private-Saved-Invalid-Operation-TUI_40549
322,25022--Server_VM_AutoForward,VM-AutoFwd-VoiceMail-Delete-AsSoonAsFwd_25022
323,46486--Server_WG_Transfer,Work-Group-Agent-Answer-then-Consult-Transfer_46486
324,25002--Server_WG_Generic,WG-SimultaneousWG-AgentInWG-Calls-WG_25002
325,24928--Server_ACC_Basic-Forced-SIP-Trunk,AccBasic-Forced-Invalid-codeAnd#-replays-prompt_24928
326,34460--Server_Distributed_GroupPaging,Modify-GroupPagingServer-HQExtListMembers-Caller-HQ_34460
327,39882--Server_Distributed_WG,DistributeWG-RemoteWG-RemoteAgents-InboundSIPTrunk-TopDown_39882
328,29945--Server_VM_AutoFindMe,Called-Party-recorded-name-caller-internal-with-recorded-name_29945
329,8747--Server_VM_FindMe,Test-findme-from-TUI_8747
330,38121--Server_Distributed_GroupPaging,GroupPagingServer-HQ-PagingMember-Gets-SecondPagingCall_38121
331,8786--Server_VM_Basic,Logon-using-a-phone-served-by-a-remote-server_8786
332,8106--Server_AA_DepartmentalAA,Assigning-ExtList-to-TakeMsgByLastName_8106
333,36682--Server_Distributed_GroupPaging,GroupPagingServer-HQ-HQExtListMembers-Caller-HQ_36682
334,24949--Server_ACC_Basic-Optional-SIP-Trunk,AccBasic-Optional-2x-invalid-codeAndtimeout-then-correct-codeAndtimeout-completes-call_24949
335,25010--Server_WG_SIP,WG-Simultaneous-Hunt-AgentPicked-RingStopped_25010
336,81310--Server_CASProtocol_Telephony,Tel-Reset-MissedCall-Count_81310
337,25000--Server_WG_Generic,WG-RoundRobinWG-AgentInWG-Calls-WG_25000
338,42390--Server_VM_Privacy,VoiceMailPrivacy-Mark-Private-Urgent-TUI_42390
339,47921--Server_WG_Queue,WG-Call-putbackin-Queue-by-agent-call-offered-to-same-agent_47921
340,81201--Server_CASProtocol_Telephony,Tel-Transfer-To-Different-MailBox_81201
341,34352--Server_Distributed_WG,DistributeWG-RemoteWG-HQAgents-HQWGServiceDown-TopDown_34352
342,24996--Server_WG_Generic,WG-Call-SimultaneousWG-AllAgents-Rings-ExceptBusyOne_24996
343,37625--Server_Distributed_GroupPaging,GroupPagingServer-RM-RMExtListMembers-CFWDAlways_37625
344,24926--Server_ACC_Basic-Forced-SIP-Trunk,AccBasic-Forced-Digit-interrupts-prompt-Correct-codeAnd#-completes-call_24926
345,70739--Server_WG_Basic,WG-Director-Disable-Include-In-System-DialbyName-VM-To-WG-Via-DialByName_70739
346,24974--Server_WG_Generic,WG-RoundRobin-PickWkgrp-Ph212_24974
347,41758--Server_VM_AutoForward-VMB-Interop,Replying-To-Auto-Forwarded-Messages_41758
348,25027--Server_VM_AutoForward,VM-AutoFwd-VoiceMail-Reply-FwdAnotherPhone_25027
349,72389--Server_ACC_Basic-PRI-Trunk,ACC-ACCService-UG-Has-Local-Only-Forced-ACC-Calls-Should-Only-Allow-Local-Calls_72389
350,24945--Server_ACC_Basic-Optional-SIP-Trunk,AccBasic-Optional-Invalid-codeAnd#-replays-prompt_24945
351,24946--Server_ACC_Basic-Optional-SIP-Trunk,AccBasic-Optional-Invalid-codeAndtimeout-replays-promp_24946
352,24986--Server_WG_Generic,WG-Call-TopDownWG-AllAgentsBusy-FwdAA_24986
353,24932--Server_ACC_Basic-Forced-SIP-Trunk,AccBasic-Forced-2x-invalid-codeAnd#-then-correct-codeAnd#-completes-call_24932
354,40585--Server_Distributed_WG,DistributeWG-RemoteWG-HQAgents-Simultaneous_40585
355,25084--Server_VM_TUI,VM-Tui-Logoff-Confirm_25084
356,24967--Server_WG_Generic,WG-TopDown-PickWkgrp-Ph212_24967
357,24953--Server_ACC_Basic-Optional-SIP-Trunk,AccBasic-Optional-4x-invalid-codeAnd#-then-timeout-completes-call_24953
358,34777--Server_WG_CallerID,WG-Verify-CallerID-Internal-Calls-Workgroup_34777
359,8103--Server_AA_DepartmentalAA,Assigning-ExtList-to-DialByFirstName_8103
360,60342--Server_VM_Privacy,VoiceMailPrivacy-Forward-Regular-Mark-Private-TUI_60342
361,37480--Server_Distributed_GroupPaging-Inter,GroupPagingServer-RM-Paging-Through-AA_37480_Remote
362,40505--Server_Distributed_ACC,Distributed-ACC-Place-Call-from-SIPExtension-OnlyUser_40505
363,24925--Server_ACC_Basic-Forced-SIP-Trunk,AccBasic-Forced-Timeout-replays-prompt_24925
364,25057--Server_VM_ReturnReceipt,VM-RecordMsg-SentToExtAndDistList-WithReqReceipt_25057
365,21711--Server_Distributed_GroupPaging,SIP-Registration_21711
366,40586--Server_Distributed_WG,DistributeWG-RemoteWG-AllAgents-WrapUpMode_40586
367,8101--Server_AA_DepartmentalAA,Editing-Extension-List_8101
368,8125--Server_AA_DialableMenus,Menu-AsPersonal-Assistant_8125
369,8110--Server_AA_DepartmentalAA,Configuring-MultipleDigit-To-TransferToExtension_8110
370,34138--Server_Distributed_ACC,Distributed-ACC-Call-from-User-on-HQ-VMB-without-LACC_34138
371,22088--Server_CASProtocol_OAE,Tel-OAE-Outbound-toPSTN-ConnectonAnswer-Using-CAS_22088
372,34709--Server_Distributed_WG,DistributeWG-RemoteWG-RemoteWGServiceDown-BackupExtnAsHG_34709
373,24929--Server_ACC_Basic-Forced-SIP-Trunk,AccBasic-Forced-Invalid-codeAndtimeout-replays-prompt_24929
374,6628--Server_WG_Transfer,Enable-Agent-Auto-Logout-on-Ring-No-Answer_6628
375,8122--Server_AA_Basic,Dial-Menu-FromTUI_8122
376,24977--Server_WG_Generic,WG-LongestIdle-PickUser-Ph210_24977
377,25005--Server_WG_Generic,WG-TopDownWG-AgentsMixedHQRemote-HuntingOrder_25005
378,22003--Server_ACC_Basic-PRI-Trunk,ACC-Optional-Numbers_Only-Local-And-Long-Distance-Correct-Code_22003
379,38035--Server_Distributed_GroupPaging,GroupPagingServer-HQ-HQExtListMembers-SIPCaller-HQ_38035
380,8172--Server_AA_Schedule,AA-On-Hours-Schedule-Destination_8172
381,26789--Server_AA_Basic,FeaturesAAGeneric-BasicInternal-AAMenu-ToRMUser_26789
382,81163--Server_CASProtocol_Telephony,Tel-AnswerCall_81163
383,26793--Server_AA_Basic,FeaturesAAGeneric-BasicInternal-AAMenu-ToRemoteUser-TransferToVM_26793
384,37523--Server_Distributed_ACC,Distributed-ACC-Two-Calls-with-Same-ACC-Code_37523
385,26785--Server_AA_Basic,FeaturesAAGeneric-BasicInternal-AAMenu_26785
386,40502--Server_Distributed_ACC,Distributed-ACC-Forced-Long-Distance-Remote-User-with-Extnonly_40502
387,15295--Server_CASProtocol_Config,Config-ForwardNoAnswerToHuntgroup_15295
388,34517--Server_Distributed_GroupPaging,GroupPagingServer-HQ-RestartHQWGService-Caller-HQ_34517
389,25026--Server_VM_AutoForward,VM-AutoFwd-VoiceMail-Reply-From-FwdPhone_25026
390,24957--Server_WG_Generic,WG-DistributionPattern-Simultaneous_24957
391,25069--Server_VM_Basic,VM-Leave-Msg-ToExt-Verify-Msg_25069
392,83464--Server_CASProtocol_Config,Config-UpdateCHMSettings-Standard_83464
393,81198--Server_CASProtocol_Telephony,Tel-Send-Call-ToAA_81198
394,25014--Server_WG_SIP,WG-CallWG-AllAgentsBusy-FwdVM_25014
395,39885--Server_Distributed_WG,DistributeWG-RemoteWG-RemoteAgents-LongestIdle_39885
396,34540--Server_Distributed_GroupPaging,GroupPagingServer-HQ-StopRMWGService-Caller-HQ_34540
397,8281--Server_WG_Schedule,WG-On-Hours-Call-Goes-to-WG-Agent_8281
398,34710--Server_Distributed_WG,DistributeWG-RemoteWG-RemoteWGServiceDown-BackupExtnAsAA_34710
399,24950--Server_ACC_Basic-Optional-SIP-Trunk,AccBasic-Optional-Invalid-codeAndstar-replays-prompt_24950
400,34354--Server_Distributed_WG,DistributeWG-RemoteWG-HQAgents-HQWGServiceDown-RoundRobin_34354
401,15286--Server_CASProtocol_Config,Config-ForwardNoAnswerToOutsideParty_15286
402,8755--Server_VM_FindMe,Test-the-callerID-prompt-at-the-findme-destination_8755
403,25059--Server_VM_ReturnReceipt,VM-RecordMsg-Ph1ToPh2-Verify-ReqReceipt_25059
404,34353--Server_Distributed_WG,DistributeWG-RemoteWG-HQAgents-HQWGServiceDown-Simultaneous_34353
405,36683--Server_Distributed_GroupPaging-Inter,GroupPagingServer-RM-Add-ExtListMember-Caller-RM_36683_Remote
406,26794--Server_AA_Basic,FeaturesAAGeneric-BasicInternal-AAMenu-ToRemoteUser-AlwaysFwdToVM_26794
