5001,24932--VMB_Server_ACC_Basic-Forced-SIP-Trunk,AccBasic-Forced-2x-invalid-codeAnd#-then-correct-codeAnd#-completes-call_24932
5002,25608--VMB_Switch_HG_HG,Verify-Hunt-Group-Basic-Top-Down-Hunting-When-Call-Stack-Full_25608
5003,25800--VMB_Switch_SIP_Trunk-Services,Trunk-SIP-Services911-Reorder_25800
5004,25040--VMB_Server_VM_Failure,VM-AlwaysFwd-HQ-ToRemote_25040
5005,22047--VMB_Switch_HG_HG,Hunt-Groups-Call-Member-When-Forwarding-Calls-User-CHM-Set-Always_22047
5006,34780--VMB_Server_WG_CallerID,WG-Verify-CallerID-External-Calls-Workgroup-AfterCall_34780
5007,25343--VMB_Switch_CallControl_BasicCall,Call-ExternalNumber-WithLocal-Permission_25343
5008,25754--VMB_Switch_SIP_Trunk-TieTrunk,Trunk-SIP-TIE-CallHold-CFAToSIPTrunk-CalleeHoldUnhold_25754
5009,25715--VMB_Switch_SIP_Trunk-DNIS,Trunk-SIP-Inbound-NoDNIS-EnableExtn-RemoteSite_25715
5010,25066--VMB_Server_VM_SIPTests,VM-Login-Record-Stop-Review-Msg_25066
5011,25348--VMB_Switch_CallControl_BasicCall,Check-RingingStop-AfterHangup_25348
5012,25792--VMB_Switch_SIP_Trunk-Services,Trunk-SIP-ServicesTollfree_25792
5013,25599--VMB_Switch_HG_HG,Failure-Attempt-To-Park-Call-On-Hunt-Group_25599
5014,8752--VMB_Server_VM_FindMe,Test-the-timeout-for-findme-call_8752
5015,25703--VMB_Switch_SIP_Trunk-DigitManipulation,Trunk-SIP-DigitManipDial7Digit-DialWithoutAreaCode_25703
5016,34883--VMB_Switch_SIP_Trunk-InterIntraSite,Trunk-SIP-Outbound-Intra_34883
5017,8103--VMB_Server_AA_Basic,Assigning-ExtList-to-DialByFirstName_8103
5018,25070--VMB_Server_VM_SIPTests,VM-Ph1CallPh2-Ph2FwdPh3-FwdVM-AllMsg-Recorded_25070
5019,25145--VMB_IPPhone_IPDT_DialCases,Verify-Display-For-SIP-Long-Distance-Basic-Call-And-Redial-Call_25145
5020,25032--VMB_Server_VM_CallSender,VM-LeaveVM-ThenReplyVM_25032
5021,25384--VMB_Switch_CallControl_BasicCall,Transfer-To-InvalidExtension-RejoinAfterDialtone_25384
5022,25038--VMB_Server_VM_Failure,VM-CallFwd-HQ-ToRemote_25038
5023,25603--VMB_Switch_HG_HG,Verify-Hunt-Group-Basic-Top-Down-Hunting-Then-Pickup-Hunt-Group-Call_25603
5024,25356--VMB_Switch_CallControl_BasicCall,AcceptCall-WithActiveCall_25356
5025,25035--VMB_Server_VM_Anyphone,VM-AnyPhone-IPPhoneExtension-HQToRemote_25035
5026,25029--VMB_Server_VM_AutoForward,VM-AutoFwd-VoiceMail-ToSenderSelf_25029
5027,25392--VMB_Switch_CallControl_BasicCall,Check-BusyTone-OnSelfCall-WithSingleSizeCallStack_25392
5028,8179--VMB_Server_AA_Basic,AA-Off-Hours-Schedule-Destination_8179
5029,25357--VMB_Switch_CallControl_BasicCall,AcceptCall-WithActiveCall_InterSite_25357
5030,25752--VMB_Switch_SIP_Trunk-TieTrunk,Trunk-SIP-TIE-CallHold-Inbound-CallerHoldUnhold-CallerHangup_25752
5031,21964--VMB_Server_VM_Basic,VM-LeaveVM-internalcallbackreply_21964
5032,8747--VMB_Server_VM_FindMe,Test-findme-from-TUI_8747
5033,25788--VMB_Switch_SIP_Trunk-Services,Trunk-SIP-ServicesLocalCode_25788
5034,25064--VMB_Server_VM_SIPTests,VM-Record-Silence-Nothing-Recorded_25064
5035,25042--VMB_Server_VM_Basic,VM-Check-Remote-Login-VM_25042
5036,25021--VMB_Server_VM_AutoForward,VM-AutoFwd-VoiceMail_25021
5037,34882--VMB_Switch_CallControl_CallerID,Verify-phone-displays-Caller-emergency-service-identification-with-no-outboundCallerID-or-noDID-usingSIP_34882
5038,25799--VMB_Switch_SIP_Trunk-Services,Trunk-SIP-Services411-Reorder_25799
5039,22055--VMB_Switch_HG_HG,Hunt-Groups-CallerID-Call-from-External-PSTN-While-Ringing_22055
5040,34778--VMB_Server_WG_CallerID,WG-Verify-CallerID-Internal-Calls-Workgroup-AfterCall_34778
5041,25084--VMB_Server_VM_TUI,VM-Tui-Logoff-Confirm_25084
5042,25701--VMB_Switch_SIP_Trunk-DigitManipulation,Trunk-SIP-DigitManipDial7Digit-DialWithLocalAreaCode-LocalPrefix_25701
5043,25548--VMB_Switch_CallControl_PagingExtension,Failure-Paging-Extension-Basic-Call-Without-Permission_25548
5044,25561--VMB_Switch_CallControl_PagingExtension,Paging-Extension-Call-And-While-Ringing-Establish-Conference_25561
5045,25368--VMB_Switch_CallControl_BasicCall,Check-CallWaitingTone-And-ToggleCall-UsingIP210Phone_25368
5046,25014--VMB_Server_WG_SIP,WG-CallWG-AllAgentsBusy-FwdVM_25014
5047,34769--VMB_Switch_Misc_Sanity,BasicCall-InterSite-Setup2_34769
5048,73090--VMB_Server_AA_Basic,AA-Internal-Call-To-VMB-AA-To-HQ-User_73090
5049,25073--VMB_Server_VM_TUI,VM-Tui-Record-Accept-SendToSelf-Cancel-AdditionOpt-Cancel_25073
5050,25780--VMB_Switch_SIP_Trunk-TieTrunkTransfer,Trunk-SIP-TIE-Transfer-Transferee-As-SipTrunk_25780
5051,24999--VMB_Server_WG_Generic,WG-Call-SimultaneousWG-FwdExternalExtOnBusy-AllAgentsBusy-ToExt_24999
5052,25077--VMB_Server_VM_TUI,VM-Tui-Config-CHM-All-Modes_25077
5053,25385--VMB_Switch_CallControl_BasicCall,Attempt-Transfer-while-RingingInvalidExtension-InterSite_25385
5054,25707--VMB_Switch_SIP_Trunk-DigitManipulation,Trunk-SIP-DigitManipRemoveLeading1ForLAC-Dial7Digit-DialWithAreaCode_25707
5055,25342--VMB_Switch_CallControl_BasicCall,Call-ExternalNumber-Without-Permission_25342
5056,5898--VMB_Server_AA_Basic,Verify-TimeOutAndChange-Working_5898
5057,6029--VMB_Server_VM_TUI,Option-7-in-Main-Menu-of-Voice-Mail-MAIL-BOX-OPTIONS_6029
5058,25609--VMB_Switch_HG_HG,Verify-Hunt-Group-Basic-Simultaneous-Hunting-When-No-Member-Answers_25609
5059,25387--VMB_Switch_CallControl_BasicCall,Check-BusyToneAndReminderRing-ForPhone-WithSingleSizeCallStack-InterSite_25387
5060,34772--VMB_Switch_Misc_Sanity,VoiceMail-Record-and-Play_34772
5061,24986--VMB_Server_WG_Generic,WG-Call-TopDownWG-AllAgentsBusy-FwdAA_24986
5062,25804--VMB_Switch_SIP_Trunk-Services,Trunk-SIP-Services-CallerID-Block_25804
5063,8136--VMB_Server_AA_Basic,AA-Default-Dest-To-Trunk-Group_8136
5064,25685--VMB_Switch_SIP_Trunk-CallForward,Trunk-SIP-Inbound-CFB-To-Extn_25685
5065,8755--VMB_Server_VM_FindMe,Test-the-callerID-prompt-at-the-findme-destination_8755
5066,16146--VMB_IPPhone_LED_Behavior-Call-Appearance,Call-Appearance-Idle_16146
5067,25760--VMB_Switch_SIP_Trunk-TieTrunk,Trunk-SIP-TIE-Inbound-CFA-CallerHangup_25760
5068,8106--VMB_Server_AA_Basic,Assigning-ExtList-to-TakeMsgByLastName_8106
5069,25344--VMB_Switch_CallControl_BasicCall,Call-InternationalNumber-WithLongDistance-Permission_25344
5070,21952--VMB_Server_VM_Basic,Basic-Change-CHM-Via-TUI-Using-pound-pwd-seven-two_21952
5071,25018--VMB_Server_VM_Anyphone,VM-AnyPhone-IPPhoneExtension-HQToHQ_25018
5072,26806--VMB_Server_VM_AutoForward,VM-autoforward-from-A-to-B-and-B-to-C-mailbox-reply-back-from-C_26806
5073,34886--VMB_Switch_SIP_Trunk-InterIntraSite,Trunk-SIP-Outbound-RemoteUser_34886
5074,22008--VMB_Server_ACC_Basic-PRI-Trunk,ACC-Forced-Numbers-and-Alpha-Characters-Local-And-Long-Distance-Correct-Code_22008
5075,24954--VMB_Server_WG_Generic,WG-SingleAgent-InMultipleWGs_24954
5076,29945--VMB_Server_VM_AutoFindMe,Called-Party-recorded-name-caller-internal-with-recorded-name_29945
5077,25691--VMB_Switch_SIP_Trunk-DigitManipulation,Trunk-SIP-DigitManipRemoveLeading1-DialLocal_25691
5078,25798--VMB_Switch_SIP_Trunk-Services,Trunk-SIP-ServicesInternational-Reorder_25798
5079,25019--VMB_Server_VM_Anyphone,VM-AnyPhone-IPPhoneExtension-RemoteToRemote_25019
5080,25372--VMB_Switch_CallControl_BasicCall,Check-ReminderRing_25372
5081,26788--VMB_Server_AA_Basic,AA-PSTN-Call-To-AA-To-HQ-User_26788
5082,22045--VMB_Switch_HG_HG,Hunt-Groups-Make-Busy-with-Star-Code-18-Call-Fwd-to-Call-Stack-Full-Destination_22045
5083,22005--VMB_Server_ACC_Basic-PRI-Trunk,ACC-Optional-Numbers-Only-Local-And-Long-Distance-Bypass_22005
5084,53795--VMB_Server_VM_Basic,Two-users-accessVM-simulatenously_53795
5085,24955--VMB_Server_WG_Generic,WG-CallWG-NoAnswer-FwdSysExt_24955
5086,8753--VMB_Server_VM_FindMe,Test-findme-to-a-WG_8753
5087,3336--VMB_Server_ACC_Basic-PRI-Trunk,ACC-Enhanced-ACC-Service-Wildcard_3336
5088,22056--VMB_Switch_HG_HG,Hunt-Groups-CallerID-Call-from-Internal-Extension-After-Call-Answered_22056
5089,21953--VMB_Server_VM_Basic,VM-Enable-Envelope-andverify_21953
5090,25736--VMB_Switch_SIP_Trunk-NetworkRouting,Trunk-SIP-RoutingDial-HQ-DifferentAreaCode_25736
5091,16154--VMB_IPPhone_LED_Behavior-Call-Appearance,Call-Appearance-Offering-Call_16154
5092,26802--VMB_Server_VM_AutoForward,Check-VM-forwarded-messages-present-only-on-C-when-VM-autoforward-from-A-to-B-to-C-mailbox_26802
5093,25713--VMB_Switch_SIP_Trunk-DNIS,Trunk-SIP-Inbound-DNIS-RemoteSite_25713
5094,29944--VMB_Server_VM_AutoFindMe,Called-Party-Has-Recorded-Name-Caller-Is-External-With-CallerID-Does-Not-Record-Name_29944
5095,25063--VMB_Server_VM_ReturnReceipt,VM-RecordMsg-Ph1ToPh2-Verify-RepyTo-Received-Receipt-FwdTo-Ph3_25063
5096,25071--VMB_Server_VM_TUI,VM-Tui-Check-OwnOrAnother-VMBox_25071
5097,25363--VMB_Switch_CallControl_BasicCall,MakeCall-HoldCallBeforeAnswer-AcceptCall-ResumeCall_25363
5098,6023--VMB_Server_VM_TUI,MAIN-MENU-of-Voice-Mail_6023
5099,25163--VMB_IPPhone_IPDT_IncomingCases,Verify-Display-For-Incoming-SIP-DNIS-Call_25163
5100,25381--VMB_Switch_CallControl_BasicCall,Transfer-To-InvalidExtension-HangupDuringReorder_25381
5101,25714--VMB_Switch_SIP_Trunk-DNIS,Trunk-SIP-Inbound-NoDNIS-EnableExtn_25714
5102,34875--VMB_Switch_CallControl_CallerID,Verify-OutboundCallID-with-Caller-Emergency-Service-Identification-Configured-on-SIP_34875
5103,25047--VMB_Server_VM_Basic,VM-Phone-LeaveVM-ToItself_25047
5104,25025--VMB_Server_VM_AutoForward,VM-AutoFwd-VoiceMail-Urgent-Message_25025
5105,25078--VMB_Server_VM_TUI,VM-Tui-Assign-Reassign-Extension_25078
5106,25346--VMB_Switch_CallControl_BasicCall,Check-DialToneAndRingbackTone-AfterMakeCall_25346
5107,25059--VMB_Server_VM_ReturnReceipt,VM-RecordMsg-Ph1ToPh2-Verify-ReqReceipt_25059
5108,25607--VMB_Switch_HG_HG,Verify-Hunt-Group-Basic-Top-Down-Hunting-When-Call-Stack-Full-After-Calls-Answered_25607
5109,25683--VMB_Switch_SIP_Trunk-CallForward,Trunk-SIP-Inbound-CFA-To-Extn_25683
5110,25170--VMB_IPPhone_IPDT_ParkCases,Verify-Display-While-Parking-To-System-Extension_25170
5111,24985--VMB_Server_WG_Generic,WG-Call-TopDownWG-AllAgentsBusy-FwdVM_24985
5112,25688--VMB_Switch_SIP_Trunk-CallForward,Trunk-SIP-CFB-To-Trunk_25688
5113,34878--VMB_Switch_CallControl_CallerID,Verify-phone-displays-DID-no-outbound-callerid-configured-on-SIP_34878
5114,25028--VMB_Server_VM_AutoForward,VM-AutoFwd-VoiceMail-Check-TwoReceipts-FromSender_25028
5115,25366--VMB_Switch_CallControl_BasicCall,Check-BusyTone-OnEngagedSingleCallStack-InterSite_25366
5116,6024--VMB_Server_VM_TUI,Option-1-in-Main-Menu-of-Voice-Mail-LISTEN-TO-NEW-MESSAGES_6024
5117,25709--VMB_Switch_SIP_Trunk-DigitManipulation,Trunk-SIP-DigitManipRemoveLeading1-DialWithLocalAreaCode_25709
5118,24991--VMB_Server_WG_Generic,WG-ThreeCalls-RoundRobinWGFwdExtOnBusy-AllTwoAgtBusy-ThirdCallToCFB_24991
5119,25345--VMB_Switch_CallControl_BasicCall,Check-DialTone-After-DialingDigitWhileOffhook_25345
5120,25803--VMB_Switch_SIP_Trunk-Services,Trunk-SIP-ServicesOperator-Reorder_25803
5121,25046--VMB_Server_VM_Basic,VM-HQPhoneWithNoAnswerDestFwdTo-RemotPhone_25046
5122,22006--VMB_Server_ACC_Basic-PRI-Trunk,ACC-Forced-Numbers-Only-Local-And-Long-Distance-Correct-Code_22006
5123,25787--VMB_Switch_SIP_Trunk-Services,Trunk-SIP-ServicesLongDistance_25787
5124,25796--VMB_Switch_SIP_Trunk-Services,Trunk-SIP-ServicesLongDistance-Reorder_25796
5125,6026--VMB_Server_VM_TUI,Option-2-in-Main-Menu-of-Voice-Mail-SEND-A-MESSAGE_6026
5126,25594--VMB_Switch_HG_HG,Verify-Hunt-Group-Basic-Top-Down-Hunting_25594
5127,25058--VMB_Server_VM_ReturnReceipt,VM-RecordMsg-AlwaysFwdVM-NoReqReceipt_25058
5128,25700--VMB_Switch_SIP_Trunk-DigitManipulation,Trunk-SIP-DigitManipDial7Digit-DialWithLocalAreaCode_25700
5129,25388--VMB_Switch_CallControl_BasicCall,Call-ExternalNumber-Without-Permission2_25388
5130,6054--VMB_Server_VM_TUIAgentLogin,Agent-state-changed-in-Director-Client-is-updated-in-TUI_6054
5131,24994--VMB_Server_WG_Generic,WG-Call-LongestIdleWG-AllAgentsBusy-FwdAA_24994
5132,6065--VMB_Server_VM_TUIAgentLogin,Login-to-logged-out-agent-remotely-assign-and-login-from-remote-phone_6065
5133,25610--VMB_Switch_HG_HG,Verify-Hunt-Group-Agent-With-CFA-Set-Is-Not-Hunted_25610
5134,25374--VMB_Switch_CallControl_BasicCall,Check-DialTone-After-RingBackTone-Timeout_25374
5135,25692--VMB_Switch_SIP_Trunk-DigitManipulation,Trunk-SIP-DigitManipDialWithoutAreaCode_25692
5136,25549--VMB_Switch_CallControl_PagingExtension,Paging-Extension-Basic-Call-InterSite_25549
5137,25708--VMB_Switch_SIP_Trunk-DigitManipulation,Trunk-SIP-DigitManipRemoveLeading1ForLAC-Dial7Digit-DialWithoutAreaCode_25708
5138,25698--VMB_Switch_SIP_Trunk-DigitManipulation,Trunk-SIP-DigitManipRemoveLeading1-Dial7Digit-DialWithoutAreaCode_25698
5139,6025--VMB_Server_VM_TUI,Option-3-in-Main-Menu-of-Voice-Mail-LISTEN-TO-SAVED-MESSAGE_6025
5140,25597--VMB_Switch_HG_HG,Verify-Hunt-Group-Basic-Top-Down-Hunting-When-Agents-Are-In-Two-Hunt-Groups_25597
5141,6055--VMB_Server_VM_TUIAgentLogin,Agent-state-changed-in-TUI-is-updated-in-Director-Client_6055
5142,25710--VMB_Switch_SIP_Trunk-DigitManipulation,Trunk-SIP-DigitManipRemoveLeading1-1LAC-Dial7Digit-DialWithoutAreaCode_25710
5143,25353--VMB_Switch_CallControl_BasicCall,Repeat-Hold-At-BothParties_25353
5144,25347--VMB_Switch_CallControl_BasicCall,Check-RingToneAndRingbackTone-AfterMakeCall_25347
5145,25551--VMB_Switch_CallControl_PagingExtension,Failure-Paging-Extension-Basic-Call-When-Busy_25551
5146,25705--VMB_Switch_SIP_Trunk-DigitManipulation,Trunk-SIP-DigitManipRemoveLeading1ForLAC-Dial7Digit-DialWithLocalAreaCode_25705
5147,25613--VMB_Switch_HG_HG,Verify-Call-To-Hunt-Group-Without-Members-Goes-To-Backup-Extension_25613
5148,25712--VMB_Switch_SIP_Trunk-DNIS,Trunk-SIP-Inbound-DNIS_25712
5149,5462--VMB_Switch_CallControl_BAA,Call-Control-BAA-Number_5462
5150,25055--VMB_Server_VM_ReturnReceipt,VM-RecordMsg-IsBroadcasted-NoReqReceipt_25055
5151,40582--VMB_Switch_CallControl_PagingExtension,Paging-Extension-Call-Then-Park-To-Extension_40582
5152,25695--VMB_Switch_SIP_Trunk-DigitManipulation,Trunk-SIP-DigitManipRemoveLeading1-DialWithLocalAreaCode-LocalPrefix_25695
5153,25801--VMB_Switch_SIP_Trunk-Services,Trunk-SIP-ServicesTollFree-Reorder_25801
5154,25172--VMB_IPPhone_IPDT_ParkCases,Verify-Display-When-Inbound-SIP-DNIS-Call-Is-Parked-To-Another-Ext_25172
5155,25751--VMB_Switch_SIP_Trunk-TieTrunk,Trunk-SIP-TIE-CallHold-Inbound-CalleeHoldUnhold-CallerHangup_25751
5156,25797--VMB_Switch_SIP_Trunk-Services,Trunk-SIP-ServicesLocalCode-Reorder_25797
5157,25051--VMB_Server_VM_Basic,VM-Check-Set-VoiceMailCond-ToUrgent_25051
5158,25382--VMB_Switch_CallControl_BasicCall,Transfer-To-InvalidExtension-RejoinDuringReorder_25382
5159,16152--VMB_IPPhone_LED_Behavior-Call-Appearance,Call-Appearance-Active-Conference-Call_16152
5160,25082--VMB_Server_VM_TUI,VM-Tui-Remove-All-Deleted-Messages_25082
5161,25355--VMB_Switch_CallControl_BasicCall,Check-DialTone-WhenDisabledCallWaitingTone_25355
5162,25555--VMB_Switch_CallControl_PagingExtension,Paging-Extension-Call-From-AA-Extension_25555
5163,34779--VMB_Server_WG_CallerID,WG-Verify-CallerID-External-Calls-Workgroup_34779
5164,25339--VMB_Switch_CallControl_BasicCall,Check-DialTone-After-Offhook_25339
5165,25794--VMB_Switch_SIP_Trunk-Services,Trunk-SIP-Services-OperatorCall_25794
5166,25547--VMB_Switch_CallControl_PagingExtension,Paging-Extension-Basic-Call-IntraSite_25547
5167,16150--VMB_IPPhone_LED_Behavior-Call-Appearance,Call-Appearance-Off-Hook_16150
5168,21946--VMB_Server_VM_Basic,Record-Name-Prompt-TUI_21946
5169,29953--VMB_Server_VM_AutoFindMe,Called-Party-no-recorded-name-caller-internal-without-recorded-name-nd-does-not-record-name_29953
5170,5990--VMB_Server_VM_FollowMe,Test-basic-FollowMe-with-different-types-of-parties_5990
5171,25753--VMB_Switch_SIP_Trunk-TieTrunk,Trunk-SIP-TIE-CallHold-CFAToSIPTrunk-CallerHoldUnhold_25753
5172,136--VMB_Server_VM_TUI,VM-Verify-Password-Options-Changing-password_136
5173,25026--VMB_Server_VM_AutoForward,VM-AutoFwd-VoiceMail-Reply-From-FwdPhone_25026
5174,25362--VMB_Switch_CallControl_BasicCall,MakeCall-HoldCallBeforeAnswer-ResumeCall_25362
5175,25352--VMB_Switch_CallControl_BasicCall,Check-DialTone-AfterOnhook-IntraSwitch_25352
5176,6056--VMB_Server_VM_TUIAgentLogin,Agent-client-type-changed-in-Director-is-updated-in-TUI_6056
5177,34771--VMB_Switch_Misc_Sanity,BasicCall-IntraSite-Setup1_34771
5178,22057--VMB_Switch_HG_HG,Hunt-Groups-CallerID-Call-from-External-PSTN-After-Call-Answered_22057
5179,25704--VMB_Switch_SIP_Trunk-DigitManipulation,Trunk-SIP-DigitManipRemoveLeading1-1LAC-Dial7Digit-DialWithoutAreaCode-LocalPrefix_25704
5180,25034--VMB_Server_VM_Anyphone,VM-AnyPhone-IPPhoneExtension-RemoteToHQ_25034
5181,25074--VMB_Server_VM_TUI,VM-Tui-Send-RecordedMsg-ToSelf-MarkUgent-Cancel-Recoding_25074
5182,25358--VMB_Switch_CallControl_BasicCall,AcceptCall-WithActiveCall_InterSite2_25358
5183,25083--VMB_Server_VM_TUI,VM-Tui-Enable-Disable-Outlook-Automated-CHM_25083
5184,25350--VMB_Switch_CallControl_BasicCall,Check-DialTone-AfterOnhook_25350
5185,25550--VMB_Switch_CallControl_PagingExtension,Failure-Paging-Extension-Basic-Call-InterSite-Insufficient-Bandwidth_25550
5186,25789--VMB_Switch_SIP_Trunk-Services,Trunk-SIP-ServicesInternational_25789
5187,25359--VMB_Switch_CallControl_BasicCall,Check-Silence-For-SecondCall-WithCallWaitingToneDisabled_25359
5188,25717--VMB_Switch_SIP_Trunk-DNIS,Trunk-SIP-Inbound-DID-EnableExtn-RemoteSite_25717
5189,34881--VMB_Switch_CallControl_CallerID,Verify-phone-displays-OutboundCallerID-with-CallEmergencyServiceID-and-DID-configured-with-SIP_34881
5190,25702--VMB_Switch_SIP_Trunk-DigitManipulation,Trunk-SIP-DigitManipDial7Digit-DialWithAreaCode_25702
5191,16147--VMB_IPPhone_LED_Behavior-Call-Appearance,Call-Appearance-Idle-And-DND_16147
5192,24993--VMB_Server_WG_Generic,WG-ThreeCalls-LongestIdleWGFwdVMOnbusy-TwoAgtLoggedInOneOut-ThirdCallToVM_24993
5193,25718--VMB_Switch_SIP_Trunk-DNIS,Trunk-SIP-Inbound-NoDID-EnableExtn_25718
5194,25022--VMB_Server_VM_AutoForward,VM-AutoFwd-VoiceMail-Delete-AsSoonAsFwd_25022
5195,25015--VMB_Server_WG_SIP,WG-CallWG-AllLoggedinAgtBusy-FwdExt_25015
5196,25553--VMB_Switch_CallControl_PagingExtension,Failure-Attempt-To-Pickup-Paging-Extension-Reorder_25553
5197,25049--VMB_Server_VM_Basic,VM-Check-Set-VoiceMailCond-ToNone_25049
5198,25039--VMB_Server_VM_Failure,VM-CallFwd-HQPh1Call-RemotePh2-FwdHQPh3VM_25039
5199,25354--VMB_Switch_CallControl_BasicCall,Check-CallConnect-WhenHookFlashFrom2ndParty_25354
5200,25351--VMB_Switch_CallControl_BasicCall,Check-DialTone-AfterOnhook-InterSwitch_25351
5201,8172--VMB_Server_AA_Basic,AA-On-Hours-Schedule-Destination_8172
5202,25554--VMB_Switch_CallControl_PagingExtension,Paging-Extension-Call-From-BAA-Extension_25554
5203,25680--VMB_Switch_SIP_Trunk-Failure-MOD,Trunk-SIP-CFA-To-SipTrunk-NoBWAvailable_25680
5204,25734--VMB_Switch_SIP_Trunk-NetworkRouting,Trunk-SIP-RoutingDial-HQ-NearbyAreaCode_25734
5205,25750--VMB_Switch_SIP_Trunk-TieTrunk,Trunk-SIP-TIE-CallHold-Inbound-CalleeHoldUnhold_25750
5206,25558--VMB_Switch_CallControl_PagingExtension,Paging-Extension-Call-Then-Initiate-Consult-Transfer-To-Extension_25558
5207,25340--VMB_Switch_CallControl_BasicCall,Check-BAAPrompt-After-DialingInvalidExtension_25340
5208,25367--VMB_Switch_CallControl_BasicCall,CheckAndPickup-WaitingCall-SwapToOriginalCall_25367
5209,25735--VMB_Switch_SIP_Trunk-NetworkRouting,Trunk-SIP-RoutingDial-RemoteSite-NearbyAreaCode_25735
5210,25711--VMB_Switch_SIP_Trunk-DigitManipulation,Trunk-SIP-DigitManipRemoveLeading1forLAC-Dial7Digit-DialWithoutAreaCode-LocalPrefix_25711
5211,27425--VMB_Server_VM_Anyphone,OAESetup-Assign-To-Last-External-Number-TUI_27425
5212,25360--VMB_Switch_CallControl_BasicCall,MakeCall-HoldCall-ResumeCall_25360
5213,25016--VMB_Server_WG_SIP,WG-CallWG-AllAgentsBusy-FwdExt_25016
5214,25369--VMB_Switch_CallControl_BasicCall,Check-CallWaitingTone-And-ToggleCall-UsingIP530Phone_25369
5215,25795--VMB_Switch_SIP_Trunk-Services,Trunk-SIP-Services-CallerID_25795
5216,25056--VMB_Server_VM_ReturnReceipt,VM-RecordMsg-IsBroadcasted-AdditionOption-NoReqReceipt_25056
5217,25371--VMB_Switch_CallControl_BasicCall,CheckAndPickup-WaitingCall-SwapToOriginalCall-InterSite_25371
5218,25045--VMB_Server_VM_Basic,VM-HQPhoneWithNoAnswerDestFwdTo-RemotPhoneWithNoAnswerDestVM_25045
5219,25027--VMB_Server_VM_AutoForward,VM-AutoFwd-VoiceMail-Reply-FwdAnotherPhone_25027
5220,25596--VMB_Switch_HG_HG,Verify-Hunt-Group-Multiple-Simultaneous-Hunting_25596
5221,24942--VMB_Server_ACC_Basic-Optional-SIP-Trunk,AccBasic-Optional-Timeout-completes-call_24942
5222,25612--VMB_Switch_HG_HG,Verify-Hunt-Group-With-All-Agents-CFA-Set-Goes-To-Backup-Extension_25612
5223,16135--VMB_IPPhone_LED_Behavior-Call-Appearance,Call-Appearance-Parked-Call_16135
5224,25556--VMB_Switch_CallControl_PagingExtension,Paging-Extension-Call-Then-Hold-Unpark-It-From-Extension_25556
5225,34888--VMB_Switch_SIP_Trunk-InterIntraSite,Trunk-SIP-Inbound-HQUser-HQTrunk_34888
5226,25062--VMB_Server_VM_ReturnReceipt,VM-RecordMsg-Ph1ToPh2-Verify-RepyTo-Received-Receipt_25062
5227,25361--VMB_Switch_CallControl_BasicCall,MakeCall-HoldCall-ResumeCall-InterSite_25361
5228,25791--VMB_Switch_SIP_Trunk-Services,Trunk-SIP-Services911_25791
5229,34770--VMB_Switch_Misc_Sanity,BasicCall-Setup1-Setup2-PRI_34770
5230,25693--VMB_Switch_SIP_Trunk-DigitManipulation,Trunk-SIP-DigitManipRemoveLeading1-DialWithoutAreaCode-LocalPrefix_25693
5231,25763--VMB_Switch_SIP_Trunk-TieTrunk,Trunk-SIP-TIE-Inbound-CFA-To-TieTrunk-CallerHangup_25763
5232,25080--VMB_Server_VM_TUI,VM-Tui-Enable-Disable-Envelope_25080
5233,25162--VMB_IPPhone_IPDT_IncomingCases,Verify-Display-For-Incoming-SIP-DID-Call_25162
5234,6069--VMB_Server_VM_TUIAgentLogin,Login-to-logged-in-agent-remotely-assign-and-login-from-remote-phone_6069
5235,25560--VMB_Switch_CallControl_PagingExtension,Paging-Extension-Call-Then-Establish-Conference_25560
5236,25030--VMB_Server_VM_AutoForward,VM-AutoFwd-VoiceMail-Ph1ToPh3-Ph3ToPh2-Ph1VMPh2_25030
5237,8110--VMB_Server_AA_Basic,Configuring-MultipleDigit-To-TransferToExtension_8110
5238,25386--VMB_Switch_CallControl_BasicCall,Check-BusyToneAndReminderRing-ForPhone-WithSingleSizeCallStack_25386
5239,16153--VMB_IPPhone_LED_Behavior-Call-Appearance,Call-Appearance-Remote-Hold_16153
5240,25749--VMB_Switch_SIP_Trunk-TieTrunk,Trunk-SIP-TIE-CallHold-Inbound-CallerHoldUnhold_25749
5241,25057--VMB_Server_VM_ReturnReceipt,VM-RecordMsg-SentToExtAndDistList-WithReqReceipt_25057
5242,25399--VMB_Switch_CallControl_BlindTransfer,BlindTransfer-From-1stParty-To-BAA_25399
5243,25069--VMB_Server_VM_Basic,VM-Leave-Msg-ToExt-Verify-Msg_25069
5244,25697--VMB_Switch_SIP_Trunk-DigitManipulation,Trunk-SIP-DigitManipRemoveLeading1-DialWithAreaCode-LocalPrefix_25697
5245,25365--VMB_Switch_CallControl_BasicCall,Check-BusyTone-OnEngagedSingleCallStack_25365
5246,25686--VMB_Switch_SIP_Trunk-CallForward,Trunk-SIP-CFA-To-Trunk_25686
5247,25010--VMB_Server_WG_SIP,WG-Simultaneous-Hunt-AgentPicked-RingStopped_25010
5248,25557--VMB_Switch_CallControl_PagingExtension,Paging-Extension-Call-Then-Party2-Initiate-Blind-Transfer-To-Extension_25557
5249,25694--VMB_Switch_SIP_Trunk-DigitManipulation,Trunk-SIP-DigitManipDialWithAreaCode_25694
5250,25716--VMB_Switch_SIP_Trunk-DNIS,Trunk-SIP-Inbound-DID-EnableExtn_25716
5251,22044--VMB_Switch_HG_HG,Hunt-Groups-Simultaneous-Ring-Call-Stack-6-Ring-4-Basic-Create-Edit-Call_22044
5252,5886--VMB_Server_VM_Anyphone,Anyphone-to-Unassigned-IP-phone_5886
5253,8751--VMB_Server_VM_FindMe,Test-the-prompts-for-findme-backup_8751
5254,25604--VMB_Switch_HG_HG,Verify-Hunt-Group-As-Backup-Destination-For-A-Hunt-Group-Call_25604
5255,34873--VMB_Switch_CallControl_CallerID,Verify-Outbound-callerid-displayed-with-no-DID-or-CESID-configured-MGCP_34873
5256,25690--VMB_Switch_SIP_Trunk-DigitManipulation,Trunk-SIP-DigitManipRemoveLeading1_25690
5257,25559--VMB_Switch_CallControl_PagingExtension,Paging-Extension-Call-Then-Party1-Initiate-Blind-Transfer-To-Extension_25559
5258,25144--VMB_IPPhone_IPDT_DialCases,Verify-Display-For-SIP-PSTN-Basic-Call-And-Redial-Call_25144
5259,22051--VMB_Switch_HG_HG,Hunt-Groups-TopDown_22051
5260,22054--VMB_Switch_HG_HG,Hunt-Groups-CallerID-Call-from-Internal-Extension-While-Ringing_22054
5261,25764--VMB_Switch_SIP_Trunk-TieTrunk,Trunk-SIP-TIE-Inbound-CFA-To-TieTrunk-CalleeHangup_25764
5262,34768--VMB_Switch_Misc_Sanity,BasicCall-InterSite-Setup1_34768
5263,25009--VMB_Server_WG_SIP,WG-Topdown-Hunt_25009
5264,25373--VMB_Switch_CallControl_BasicCall,Check-ReminderRing-InterSite_25373
5265,25146--VMB_IPPhone_IPDT_DialCases,Verify-Display-For-SIP-International-Basic-Call-And-Redial-Call_25146
5266,25383--VMB_Switch_CallControl_BasicCall,Transfer-To-InvalidExtension-RejoinDuringDialtone_25383
5267,8177--VMB_Server_AA_Basic,DialAA-Transfer-To-Workgroup_8177
5268,25689--VMB_Switch_SIP_Trunk-CallForward,Trunk-SIP-Inbound-Busy_25689
5269,25687--VMB_Switch_SIP_Trunk-CallForward,Trunk-SIP-CFNA-To-Trunk_25687
5270,16148--VMB_IPPhone_LED_Behavior-Call-Appearance,Call-Appearance-Idle-And-Message-Waiting_16148
5271,25706--VMB_Switch_SIP_Trunk-DigitManipulation,Trunk-SIP-DigitManipRemoveLeading1ForLAC-Dial7Digit-DialWithLocalAreaCode-LocalPrefix_25706
5272,16149--VMB_IPPhone_LED_Behavior-Call-Appearance,Call-Appearance-Idle-Message-Waiting-And-DND_16149
5273,25598--VMB_Switch_HG_HG,Verify-Hunt-Group-Basic-Top-Down-Hunting-When-Agent-Is-Also-In-A-Workgroup_25598
5274,25380--VMB_Switch_CallControl_BasicCall,Attempt-Transfer-while-RingingInvalidExtension_25380
5275,25349--VMB_Switch_CallControl_BasicCall,Check-BAAPrompt-After-RingTimeout_25349
5276,22007--VMB_Server_ACC_Basic-PRI-Trunk,ACC-Forced-Numbers-Only-Local-And-Long-Distance-Bypass-Blocked_22007
5277,25364--VMB_Switch_CallControl_BasicCall,Check-Incoming-CallerID_25364
5278,25679--VMB_Switch_SIP_Trunk-Failure-MOD,Trunk-SIP-Outbound-AdmissionControlFailed_25679
5279,50923--VMB_Server_ACC_Basic-PRI-Trunk,ACC-ACCService-UserGroup-Has-LocalOnly-Forced-ACC-Calls-Should-Only-Allow-LocalCalls_50923
5280,25076--VMB_Server_VM_TUI,VM-Tui-Record-Review-Record-Delete-Name-GreetingMsg_25076
5281,25732--VMB_Switch_SIP_Trunk-NetworkRouting,Trunk-SIP-RoutingDial-HQ-AdditionalAreaCode_25732
5282,34889--VMB_Switch_SIP_Trunk-InterIntraSite,Trunk-SIP-Inbound-RemoteUser-HQTrunk_34889
5283,25802--VMB_Switch_SIP_Trunk-Services,Trunk-SIP-ServicesLocal-Reorder_25802
5284,22009--VMB_Server_ACC_Basic-PRI-Trunk,ACC-Forced-Numbers-Only-Local-And-Long-Distance-Incorrect-Code-Blocked_22009
5285,25696--VMB_Switch_SIP_Trunk-DigitManipulation,Trunk-SIP-DigitManipDialWithAreaCode-LocalPrefix_25696
5286,25605--VMB_Switch_HG_HG,Verify-Hunt-Group-Busyout-And-Resume_25605
5287,25731--VMB_Switch_SIP_Trunk-NetworkRouting,Trunk-SIP-RoutingDial-RemoteSite-AreaCode_25731
5288,25684--VMB_Switch_SIP_Trunk-CallForward,Trunk-SIP-Inbound-CFNA-To-Extn_25684
5289,16134--VMB_IPPhone_LED_Behavior-Call-Appearance,Call-Appearance-Held-Call_16134
5290,25790--VMB_Switch_SIP_Trunk-Services,Trunk-SIP-Services411_25790
5291,22012--VMB_Server_ACC_Basic-PRI-Trunk,ACC-Forced-Numbers-Only-Local-And-Long-Distance-Service-Down_22012
5292,5984--VMB_Server_VM_FollowMe,Test-TUI-Config-ablilty-to-turn-off-on-FollowMe-when-no-destination-numbers-and-no-number-of-rings-are-configured_5984
5293,25370--VMB_Switch_CallControl_BasicCall,Check-CallWaitingTone-TakeNewCallAndDropOldCall_25370
5294,25595--VMB_Switch_HG_HG,Verify-Hunt-Group-Basic-Simultaneous-Hunting_25595
5295,25036--VMB_Server_VM_Failure,VM-AutoFwd-HQ-ToRemote_25036
5296,25733--VMB_Switch_SIP_Trunk-NetworkRouting,Trunk-SIP-RoutingDial-RemoteSite-AdditionalAreaCode_25733
5297,6028--VMB_Server_VM_TUI,Option-2-to-Send-a-message-Sub-Menu-Features-ADDITIONAL-ADDRESSING-OPTIONS_6028
5298,25600--VMB_Switch_HG_HG,Verify-Hunt-Group-Basic-Top-Down-Hunting-Then-Transfer-Call_25600
5299,25762--VMB_Switch_SIP_Trunk-TieTrunk,Trunk-SIP-TIE-Inbound-CFA-To-SIPTrunk-CallerHangup_25762
5300,8750--VMB_Server_VM_FindMe,Test-the-final-destination-to-be-users-Voicemail_8750
5301,25341--VMB_Switch_CallControl_BasicCall,Check-ReorderTone-After-DialingInvalidExternalNumber_25341
5302,25041--VMB_Server_VM_Failure,VM-HQRecordMsg-ToRemoteUserWithRMMailbox_25041
5303,25075--VMB_Server_VM_TUI,VM-Tui-Record-Accept-Review-Rerecord-Delete-Cancel-PersonalGreeting_25075
5304,25377--VMB_Switch_CallControl_BasicCall,Check-CallTearDown-AfterHangupBeforeRingback_25377
5305,5988--VMB_Server_VM_FollowMe,Test-basic-FollowMe-capability-with-only-one-destination_5988
5306,25793--VMB_Switch_SIP_Trunk-Services,Trunk-SIP-ServicesLocal_25793
5307,16151--VMB_IPPhone_LED_Behavior-Call-Appearance,Call-Appearance-Active-Call_16151
5308,25081--VMB_Server_VM_TUI,VM-Tui-Record-Review-Record-Delete-Name_25081
5309,25761--VMB_Switch_SIP_Trunk-TieTrunk,Trunk-SIP-TIE-Inbound-CFA-CalleeHangup_25761
5310,25682--VMB_Switch_SIP_Trunk-Failure-MOD,Trunk-SIP-CFB-To-SipTrunk-NoBWAvailable_25682
5311,21978--VMB_Server_VM_FindMe,FindMe-To-An-Internal-Extension_21978
5312,25037--VMB_Server_VM_Failure,VM-AutoFwd-Remote-ToHQ_25037
5313,25699--VMB_Switch_SIP_Trunk-DigitManipulation,Trunk-SIP-DigitManipRemoveLeading1-Dial7Digit-DialWithoutAreaCode-LocalPrefix_25699
5314,34777--VMB_Server_WG_CallerID,WG-Verify-CallerID-Internal-Calls-Workgroup_34777
